id,Date
1,1401/04/15
2,1401/04/22
3,1401/05/02
4,1401/04/07
5,1401/04/01
6,1401/04/11
7,1401/04/30
8,1401/04/13
9,1401/05/06
10,1401/06/09
11,1401/04/29
12,1401/05/20
13,1401/05/31
14,1401/06/07
15,1401/05/22
16,1401/04/18
17,1401/04/20
18,1401/05/11
19,1401/06/10
20,1401/06/12
21,1401/05/27
22,1401/04/08
23,1401/04/09
24,1401/04/12
25,1401/04/14
26,1401/04/16
27,1401/04/23
28,1401/04/24
29,1401/04/25
30,1401/04/31
31,1401/05/01
32,1401/05/04
33,1401/05/05
34,1401/05/08
35,1401/05/09
36,1401/05/12
37,1401/05/18
38,1401/05/19
39,1401/05/23
40,1401/05/24
41,1401/05/25
42,1401/05/26
43,1401/05/29
44,1401/05/30
45,1401/06/01
46,1401/06/02
47,1401/06/05
48,1401/06/06
49,1401/06/08
50,1401/06/13
51,1401/06/15
52,1401/06/16
53,1401/06/19
54,1401/06/20
55,1401/06/22
56,1401/06/23
57,1401/06/31
58,1401/04/06
59,1401/04/21
60,1401/04/26
61,1401/06/14
62,1401/06/21
63,1401/04/02
64,1401/05/10
65,1401/06/27
66,1401/04/05
67,1401/04/28
68,1401/04/04
69,1401/05/13
70,1401/06/03
71,1401/06/28
72,1401/05/28
73,1401/06/30
74,1401/05/03
75,1401/05/15
76,1401/06/29
77,1401/06/24
78,1401/06/17
79,1401/05/07
80,1401/04/17
